,day,Music,Techno,Movies,History,Mathematics,Pets,Spiders,Loneliness,Parents' advice,Internet usage,Finances,Age,Siblings,Gender,Village - town
0,Thursday,5,1,5,1,3,4,1,3,4,few hours a day,3,20,1,female,village
1,Friday,4,1,5,1,5,5,1,2,2,few hours a day,3,19,2,female,city
2,Saturday,5,1,5,1,5,5,1,5,3,few hours a day,2,20,2,female,city
3,Sunday,5,2,5,4,4,1,5,5,2,most of the day,2,22,1,female,city
4,Monday,5,2,5,3,2,1,1,3,3,few hours a day,4,20,1,female,village
5,Tuesday,5,1,5,5,2,2,1,2,3,few hours a day,2,20,1,male,city
6,Wednesday,5,5,4,3,1,5,1,3,4,less than an hour a day,4,20,1,female,village
7,Thursday,5,3,5,5,1,5,1,2,3,few hours a day,3,19,1,male,city
8,Friday,5,1,5,3,1,1,5,4,4,few hours a day,2,18,1,female,city
9,Saturday,5,1,5,3,3,2,3,2,3,few hours a day,4,19,3,female,city
10,Sunday,5,4,5,3,2,5,2,2,4,less than an hour a day,2,19,2,female,city
11,Monday,5,1,5,2,1,1,5,4,4,few hours a day,2,17,1,female,city
12,Tuesday,5,1,5,4,1,2,1,5,4,few hours a day,4,24,10,female,city
13,Wednesday,5,1,5,2,1,5,3,2,3,few hours a day,3,19,1,female,city
14,Thursday,5,1,4,2,1,5,2,2,4,most of the day,5,22,1,female,city
15,Friday,1,1,5,5,3,1,1,4,4,few hours a day,3,18,0,male,city
16,Saturday,5,4,5,1,1,5,5,2,3,few hours a day,3,19,2,female,city
17,Sunday,5,1,5,3,1,5,4,4,1,few hours a day,1,20,1,female,village
18,Monday,5,4,5,3,5,4,1,4,3,few hours a day,4,18,2,male,city
19,Tuesday,5,3,3,2,3,1,4,2,2,few hours a day,2,18,1,male,city
20,Wednesday,5,3,5,5,2,3,2,2,3,few hours a day,2,20,1,male,city
21,Thursday,5,1,5,4,3,5,1,4,3,few hours a day,2,24,1,male,city
22,Friday,5,3,5,3,1,5,5,3,3,few hours a day,5,22,1,female,city
23,Saturday,5,1,5,2,2,5,3,3,2,few hours a day,2,20,3,female,city
24,Sunday,5,3,5,4,2,3,5,4,4,few hours a day,3,19,1,female,city
25,Monday,5,2,5,2,3,3,5,2,4,few hours a day,2,20,1,female,city
26,Tuesday,5,2,5,3,2,5,1,4,5,few hours a day,5,22,1,female,city
27,Wednesday,4,4,5,2,1,5,5,3,4,few hours a day,3,19,1,female,city
28,Thursday,5,3,5,5,1,3,4,3,3,few hours a day,3,20,2,male,village
29,Friday,5,3,5,5,2,2,5,3,3,few hours a day,4,19,2,female,village
30,Saturday,4,3,5,2,1,3,5,2,3,few hours a day,2,25,1,male,city
31,Sunday,4,1,4,4,2,1,2,2,3,less than an hour a day,4,22,1,female,city
32,Monday,5,3,5,4,1,5,5,1,3,few hours a day,1,20,4,female,city
33,Tuesday,5,1,4,5,2,5,4,3,4,few hours a day,2,27,1,female,city
34,Wednesday,5,1,5,4,3,1,2,2,2,few hours a day,3,20,5,male,city
35,Thursday,5,1,5,1,1,5,4,3,3,few hours a day,3,19,1,female,village
36,Friday,5,1,5,4,3,5,5,2,5,few hours a day,5,18,1,female,city
37,Saturday,5,1,4,3,3,3,,3,3,few hours a day,3,21,1,male,city
38,Sunday,5,4,5,3,3,5,5,4,4,few hours a day,5,23,1,female,village
39,Monday,5,2,4,4,1,5,5,4,3,few hours a day,3,21,1,female,city
40,Tuesday,4,3,5,2,2,2,5,3,1,few hours a day,3,26,1,female,city
41,Wednesday,5,5,3,5,5,3,1,1,3,few hours a day,3,20,3,male,city
42,Thursday,5,3,5,2,5,5,5,3,2,few hours a day,5,19,0,female,city
43,Friday,5,3,5,2,1,5,5,3,3,most of the day,3,20,1,female,city
44,Saturday,4,4,5,4,3,5,5,4,3,few hours a day,4,25,1,female,village
45,Sunday,5,3,5,5,5,4,5,4,1,most of the day,4,27,1,male,
46,Monday,5,2,5,4,2,4,1,2,4,few hours a day,3,21,1,female,city
47,Tuesday,5,2,5,2,2,5,1,2,3,few hours a day,3,19,1,female,city
48,Wednesday,5,2,3,2,2,2,2,5,3,few hours a day,4,20,1,female,village
49,Thursday,5,2,5,2,1,5,5,4,3,few hours a day,4,20,1,female,city
50,Friday,4,1,5,3,4,5,2,3,3,few hours a day,4,19,2,female,city
51,Saturday,5,3,5,2,5,4,5,2,4,less than an hour a day,5,19,1,female,city
52,Sunday,5,2,5,5,3,3,5,3,3,few hours a day,1,21,2,female,village
53,Monday,5,2,5,3,1,1,5,3,4,less than an hour a day,3,18,4,female,city
54,Tuesday,5,4,5,5,1,1,3,3,3,few hours a day,3,21,2,female,city
55,Wednesday,5,5,5,4,2,5,5,3,2,few hours a day,5,23,1,female,village
56,Thursday,5,1,5,3,4,3,3,5,3,few hours a day,3,20,2,female,city
57,Friday,5,1,5,5,1,5,5,2,5,few hours a day,5,21,1,female,city
58,Saturday,5,3,5,3,3,3,1,5,4,few hours a day,5,19,1,male,village
59,Sunday,5,4,5,4,1,1,2,3,3,few hours a day,1,22,1,male,city
60,Monday,5,1,5,4,4,1,2,4,3,most of the day,5,23,1,male,city
61,Tuesday,5,4,5,3,3,5,3,4,4,few hours a day,2,23,1,male,city
62,Wednesday,5,5,5,5,4,1,5,1,4,few hours a day,3,23,2,male,city
63,Thursday,5,5,5,4,,3,,2,3,few hours a day,3,22,2,male,city
64,Friday,5,2,5,1,1,5,5,1,4,most of the day,1,18,0,female,city
65,Saturday,4,4,5,5,2,3,1,3,3,few hours a day,1,17,1,male,city
66,Sunday,4,5,4,3,5,1,1,3,3,less than an hour a day,3,20,1,male,village
67,Monday,3,1,5,2,4,4,1,2,2,few hours a day,3,24,0,female,village
68,Tuesday,5,4,5,2,5,4,4,4,2,few hours a day,1,18,1,female,village
69,Wednesday,5,1,5,2,1,4,1,3,4,most of the day,1,20,3,female,city
70,Thursday,5,3,5,2,1,2,4,3,5,few hours a day,3,17,1,male,city
71,Friday,4,3,4,5,2,5,3,3,3,few hours a day,4,20,1,male,city
72,Saturday,5,1,5,3,1,2,5,5,3,few hours a day,3,28,1,female,city
73,Sunday,5,3,5,4,1,5,3,3,4,few hours a day,3,21,1,male,city
74,Monday,5,2,5,4,1,3,3,3,4,few hours a day,5,22,1,male,city
75,Tuesday,5,1,4,5,2,4,1,2,3,few hours a day,3,20,1,male,village
76,Wednesday,4,1,4,2,1,3,1,2,4,few hours a day,2,18,1,male,city
77,Thursday,5,5,5,4,1,1,5,1,4,few hours a day,1,21,1,female,city
78,Friday,4,4,5,2,3,3,3,2,4,few hours a day,4,24,1,female,village
79,Saturday,5,4,5,4,2,5,5,3,4,few hours a day,4,21,2,female,city
80,Sunday,5,3,5,5,1,5,3,3,3,few hours a day,3,19,1,female,city
81,Monday,5,3,5,3,1,2,1,3,3,few hours a day,3,22,1,male,city
82,Tuesday,5,1,5,4,1,5,3,5,3,few hours a day,3,18,1,female,city
83,Wednesday,5,5,5,,1,5,5,2,2,few hours a day,3,22,2,female,city
84,Thursday,5,1,5,5,1,5,3,3,4,few hours a day,1,19,0,female,city
85,Friday,5,4,5,4,5,1,2,3,2,most of the day,2,22,2,male,city
86,Saturday,4,3,5,5,4,2,2,4,4,few hours a day,2,24,3,male,city
87,Sunday,5,2,5,5,,3,3,1,3,few hours a day,2,18,3,female,village
88,Monday,5,5,5,5,1,5,5,5,5,few hours a day,1,21,0,female,city
89,Tuesday,5,1,5,3,1,2,2,3,4,few hours a day,4,22,2,female,village
90,Wednesday,4,1,4,1,1,3,5,3,3,most of the day,1,19,3,female,village
91,Thursday,5,1,5,1,1,1,5,2,4,few hours a day,5,18,4,female,village
92,Friday,5,1,5,4,3,3,1,4,4,few hours a day,4,19,0,female,city
93,Saturday,5,1,4,2,4,3,2,3,2,few hours a day,4,24,2,male,village
94,Sunday,5,4,5,3,1,3,2,2,1,most of the day,3,21,1,male,city
95,Monday,5,2,5,4,1,4,4,4,2,few hours a day,1,21,1,male,city
96,Tuesday,5,4,2,1,1,1,4,2,2,few hours a day,1,19,1,male,city
97,Wednesday,5,2,5,3,4,5,2,5,3,most of the day,2,19,1,male,village
98,Thursday,3,3,3,1,1,1,5,5,1,few hours a day,3,22,1,male,village
99,Friday,5,1,3,3,5,4,5,3,4,less than an hour a day,4,18,1,female,city
100,Saturday,5,2,5,3,2,2,4,3,4,few hours a day,4,21,1,female,city
101,Sunday,5,1,4,5,1,3,5,3,3,few hours a day,2,18,1,male,village
102,Monday,5,1,5,5,4,1,1,3,3,few hours a day,3,20,0,female,city
103,Tuesday,5,4,5,5,2,1,4,2,5,few hours a day,4,22,0,male,city
104,Wednesday,4,3,4,5,2,2,1,1,4,few hours a day,2,21,1,male,village
105,Thursday,5,1,4,4,1,4,1,2,3,few hours a day,4,24,1,male,village
106,Friday,5,3,5,4,3,1,2,4,3,few hours a day,4,19,1,male,city
107,Saturday,5,1,3,1,1,4,1,1,5,less than an hour a day,1,18,1,female,city
108,Sunday,4,2,5,1,3,3,5,5,2,few hours a day,1,17,1,female,city
109,Monday,5,1,5,3,2,1,1,4,3,few hours a day,4,18,0,male,city
110,Tuesday,5,4,4,3,2,3,4,3,3,few hours a day,4,21,1,male,city
111,Wednesday,5,4,4,3,1,1,5,5,3,most of the day,2,22,1,female,village
112,Thursday,5,4,5,2,2,3,4,3,3,less than an hour a day,4,20,1,female,city
113,Friday,3,5,4,2,1,5,3,2,4,few hours a day,2,21,1,female,village
114,Saturday,5,1,5,5,1,5,5,2,4,less than an hour a day,4,19,1,female,city
115,Sunday,5,3,5,2,1,3,5,5,3,few hours a day,3,17,0,female,city
116,Monday,5,1,4,2,1,4,5,5,4,few hours a day,3,21,1,female,city
117,Tuesday,5,1,4,2,5,5,3,4,4,few hours a day,3,18,3,female,village
118,Wednesday,5,1,5,3,4,4,2,3,3,few hours a day,4,23,1,male,city
119,Thursday,4,3,3,4,4,3,2,2,4,few hours a day,5,16,1,female,village
120,Friday,5,3,3,5,5,5,1,2,2,most of the day,4,23,0,male,city
121,Saturday,4,3,4,1,4,3,1,2,2,few hours a day,2,21,2,male,city
122,Sunday,5,1,4,5,1,4,2,2,3,few hours a day,4,23,0,female,city
123,Monday,5,1,3,2,1,4,1,3,3,few hours a day,4,20,0,female,village
124,Tuesday,4,1,4,4,1,4,1,2,3,few hours a day,3,20,4,male,city
125,Wednesday,5,2,5,4,2,5,4,3,4,few hours a day,3,20,1,female,city
126,Thursday,3,1,3,5,2,1,1,4,3,few hours a day,4,20,2,female,village
127,Friday,4,3,5,4,3,2,2,3,2,most of the day,2,19,1,female,city
128,Saturday,5,5,5,4,3,5,1,5,3,few hours a day,5,15,3,female,city
129,Sunday,5,1,5,4,1,5,2,2,3,less than an hour a day,3,20,1,female,village
130,Monday,4,3,5,5,2,1,4,1,4,few hours a day,4,19,1,female,village
131,Tuesday,5,3,5,1,1,3,2,3,2,few hours a day,4,18,2,male,village
132,Wednesday,5,1,5,1,4,5,5,5,2,most of the day,5,15,1,female,village
133,Thursday,5,1,5,4,1,4,4,2,4,less than an hour a day,2,20,2,female,city
134,Friday,5,4,5,3,1,4,5,5,1,few hours a day,1,16,1,female,village
135,Saturday,5,1,4,5,3,5,5,3,3,few hours a day,4,18,1,male,village
136,Sunday,5,1,5,4,2,3,5,4,4,few hours a day,3,21,1,male,village
137,Monday,5,2,2,4,3,1,3,5,5,few hours a day,4,,,,village
138,Tuesday,5,1,5,2,1,3,1,4,5,few hours a day,4,20,4,female,village
139,Wednesday,5,3,5,1,2,5,3,4,4,few hours a day,2,19,1,female,village
140,Thursday,5,3,5,5,2,5,2,3,4,few hours a day,3,19,3,female,city
141,Friday,3,2,3,3,5,5,1,3,3,few hours a day,1,19,1,female,city
142,Saturday,5,2,4,1,2,1,4,3,2,most of the day,2,,,male,city
143,Sunday,5,3,,,1,5,5,3,3,most of the day,2,20,1,female,city
144,Monday,5,4,5,3,1,3,1,4,1,few hours a day,5,21,1,male,city
145,Tuesday,1,3,4,2,1,2,5,3,3,few hours a day,2,19,1,female,village
146,Wednesday,5,,5,5,1,4,1,3,2,few hours a day,5,21,1,male,city
147,Thursday,5,1,5,4,5,3,2,4,4,most of the day,4,18,2,male,city
148,Friday,4,3,4,3,4,1,2,2,4,few hours a day,4,20,3,male,village
149,Saturday,2,1,3,2,5,1,1,3,3,few hours a day,3,19,5,male,city
150,Sunday,5,1,5,2,3,1,5,2,3,few hours a day,3,22,1,female,city
151,Monday,5,2,5,4,2,3,3,3,3,few hours a day,4,20,1,male,city
152,Tuesday,5,2,5,5,2,4,2,5,4,few hours a day,2,25,2,male,city
153,Wednesday,2,3,3,5,1,1,5,4,4,few hours a day,3,21,0,female,city
154,Thursday,5,1,4,5,3,3,5,2,3,few hours a day,4,24,1,male,city
155,Friday,5,2,4,4,3,4,2,5,5,few hours a day,5,19,1,female,city
156,Saturday,5,1,5,5,1,4,1,5,3,few hours a day,4,25,1,male,city
157,Sunday,5,1,5,3,2,2,2,2,4,most of the day,4,26,2,male,village
158,Monday,5,5,5,1,3,5,5,5,3,few hours a day,2,15,2,female,village
159,Tuesday,5,3,5,4,3,5,2,2,3,few hours a day,3,20,1,male,city
160,Wednesday,5,3,5,4,5,1,1,3,2,few hours a day,3,19,1,male,city
161,Thursday,5,3,5,2,1,5,4,5,3,few hours a day,3,20,2,female,city
162,Friday,4,1,4,5,1,2,2,3,2,few hours a day,4,21,0,male,city
163,Saturday,5,5,4,5,1,1,4,4,4,most of the day,3,22,1,male,city
164,Sunday,5,3,5,3,1,4,2,3,4,most of the day,2,20,1,male,village
165,Monday,5,2,5,3,2,2,4,1,5,few hours a day,3,20,1,female,city
166,Tuesday,5,1,4,2,2,1,4,3,4,few hours a day,5,21,1,female,city
167,Wednesday,3,3,3,3,1,4,4,4,2,few hours a day,4,21,1,male,village
168,Thursday,5,1,5,3,1,1,1,5,3,most of the day,3,20,0,female,city
169,Friday,5,1,5,4,1,4,5,4,3,few hours a day,5,19,2,female,village
170,Saturday,4,1,3,5,5,4,3,4,4,few hours a day,5,19,1,male,city
171,Sunday,5,1,5,4,1,1,1,4,3,few hours a day,3,20,0,male,city
172,Monday,5,1,3,5,3,3,1,5,4,most of the day,4,22,1,male,village
173,Tuesday,5,5,5,3,4,5,2,4,4,most of the day,3,21,1,male,city
174,Wednesday,5,1,5,5,1,3,5,3,3,few hours a day,3,26,0,male,city
175,Thursday,5,2,4,1,1,5,3,3,3,few hours a day,5,17,2,female,city
176,Friday,5,2,5,1,5,4,1,2,4,less than an hour a day,4,22,2,male,village
177,Saturday,5,1,5,3,1,5,1,3,3,few hours a day,3,26,2,male,city
178,Sunday,4,1,3,4,3,3,2,3,3,few hours a day,4,20,1,female,city
179,Monday,4,4,4,5,2,4,5,2,3,few hours a day,5,22,1,male,city
180,Tuesday,4,1,4,4,4,1,1,3,2,few hours a day,4,21,0,male,city
181,Wednesday,5,3,4,4,2,2,1,2,4,few hours a day,3,23,0,male,city
182,Thursday,5,1,5,3,2,5,5,2,4,few hours a day,2,19,0,female,city
183,Friday,5,4,5,5,2,5,3,2,2,few hours a day,4,20,1,male,city
184,Saturday,5,1,5,3,1,2,2,5,3,few hours a day,2,21,0,female,city
185,Sunday,3,3,5,2,5,5,3,2,3,less than an hour a day,3,19,2,female,city
186,Monday,4,2,4,3,1,4,5,2,3,less than an hour a day,3,29,2,female,city
187,Tuesday,5,5,4,5,1,2,1,5,3,few hours a day,2,22,1,female,city
188,Wednesday,3,1,2,4,1,,2,2,4,less than an hour a day,5,19,2,female,village
189,Thursday,5,1,5,4,3,1,3,4,3,few hours a day,4,17,1,female,city
190,Friday,4,2,4,3,5,2,5,4,4,few hours a day,4,16,1,female,city
191,Saturday,5,1,4,3,1,2,1,2,5,less than an hour a day,1,29,2,female,village
192,Sunday,5,4,5,3,1,5,5,5,3,few hours a day,5,18,2,female,city
193,Monday,5,1,5,3,1,5,1,3,3,few hours a day,3,26,2,male,city
194,Tuesday,5,1,5,2,1,1,3,3,4,few hours a day,3,19,1,male,city
195,Wednesday,5,1,4,3,1,1,5,3,3,few hours a day,2,19,1,male,city
196,Thursday,5,3,5,4,1,1,4,2,3,few hours a day,4,20,0,female,city
197,Friday,5,1,5,2,1,4,4,3,4,few hours a day,3,22,0,female,city
198,Saturday,5,2,3,4,1,4,5,1,2,few hours a day,1,20,1,male,village
199,Sunday,5,4,4,2,1,3,2,3,2,less than an hour a day,1,21,1,male,village
200,Monday,4,2,5,3,1,5,1,5,2,most of the day,4,21,2,male,city
201,Tuesday,5,2,5,4,1,5,1,3,4,few hours a day,2,18,0,,village
202,Wednesday,5,4,5,2,1,4,4,3,2,few hours a day,3,15,0,male,city
203,Thursday,5,3,5,2,3,3,2,3,3,few hours a day,3,19,1,female,city
204,Friday,5,1,5,1,4,3,4,3,3,few hours a day,3,24,1,female,city
205,Saturday,5,1,5,5,1,2,1,3,4,few hours a day,5,19,1,female,city
206,Sunday,5,1,5,5,4,3,3,3,2,few hours a day,4,25,3,male,village
207,Monday,5,1,5,5,1,5,5,4,4,few hours a day,4,20,1,female,city
208,Tuesday,5,1,3,3,1,5,5,3,3,less than an hour a day,1,19,2,female,village
209,Wednesday,5,2,5,4,4,3,5,4,2,few hours a day,5,21,1,male,village
210,Thursday,5,5,5,5,4,5,5,3,5,few hours a day,3,23,2,male,village
211,Friday,5,4,5,1,1,4,5,3,4,few hours a day,2,21,1,female,village
212,Saturday,5,2,5,5,5,1,4,2,3,most of the day,3,20,1,male,city
213,Sunday,5,5,5,3,3,4,3,4,4,few hours a day,5,20,1,female,village
214,Monday,4,1,5,4,3,3,5,4,3,less than an hour a day,3,18,3,female,city
215,Tuesday,1,1,4,3,1,1,1,2,3,few hours a day,1,27,2,male,city
216,Wednesday,5,2,4,3,3,1,4,3,3,few hours a day,3,17,0,female,city
217,Thursday,5,2,5,2,2,5,5,3,1,few hours a day,3,19,1,female,village
218,Friday,5,3,5,2,2,5,1,4,4,few hours a day,2,18,2,male,village
219,Saturday,5,5,5,5,1,,1,2,5,less than an hour a day,,26,1,male,city
220,Sunday,5,1,5,3,1,5,2,2,4,few hours a day,2,18,2,male,village
221,Monday,5,4,5,3,4,4,2,2,2,few hours a day,1,30,2,male,city
222,Tuesday,5,1,5,2,2,1,2,5,4,few hours a day,4,24,1,female,city
223,Wednesday,5,2,5,4,3,5,1,2,2,few hours a day,4,20,0,female,village
224,Thursday,5,1,5,2,1,1,1,4,2,few hours a day,4,20,1,male,village
225,Friday,5,2,5,3,4,3,4,3,3,few hours a day,3,20,1,male,village
226,Saturday,5,3,5,2,1,5,1,5,4,few hours a day,3,25,1,,village
227,Sunday,5,1,5,5,3,3,1,1,2,few hours a day,2,19,3,female,village
228,Monday,4,2,5,3,3,5,1,3,4,few hours a day,5,20,2,female,village
229,Tuesday,4,3,3,2,4,1,1,2,4,few hours a day,1,21,5,male,village
230,Wednesday,5,2,4,4,3,4,5,2,4,few hours a day,3,19,1,female,village
231,Thursday,5,1,5,2,2,5,1,3,4,few hours a day,5,19,0,female,village
232,Friday,5,3,5,1,4,1,2,5,3,few hours a day,4,19,2,female,village
233,Saturday,4,4,5,1,1,5,4,2,3,few hours a day,4,18,1,female,city
234,Sunday,4,1,3,1,5,5,4,4,4,few hours a day,5,18,1,female,village
235,Monday,5,1,5,5,1,3,2,3,3,few hours a day,3,16,0,female,city
236,Tuesday,1,1,5,5,3,5,1,2,4,less than an hour a day,3,19,0,female,city
237,Wednesday,5,3,4,2,4,5,5,2,2,few hours a day,3,18,3,female,city
238,Thursday,5,1,5,2,2,3,4,2,2,few hours a day,1,19,2,female,city
239,Friday,5,2,5,4,1,4,5,2,3,less than an hour a day,3,21,1,female,city
240,Saturday,3,2,3,3,2,3,3,3,2,few hours a day,2,21,1,male,city
241,Sunday,5,1,5,3,4,5,5,2,5,few hours a day,5,18,1,female,city
242,Monday,3,1,5,3,1,2,,3,4,less than an hour a day,5,21,0,female,city
243,Tuesday,,1,5,4,4,1,1,5,4,few hours a day,5,17,0,female,city
244,Wednesday,5,2,5,1,1,5,5,2,3,most of the day,3,20,0,female,city
245,Thursday,5,1,5,3,1,5,1,3,3,less than an hour a day,1,19,1,female,city
246,Friday,5,1,5,5,5,5,4,2,3,few hours a day,4,27,0,male,city
247,Saturday,5,2,5,3,1,1,2,3,3,few hours a day,3,22,2,female,city
248,Sunday,5,3,5,5,2,3,3,3,4,few hours a day,3,19,2,female,city
249,Monday,5,2,5,4,1,5,5,3,4,no time at all,3,19,3,female,village
250,Tuesday,5,2,5,1,1,1,1,3,4,few hours a day,4,20,0,female,city
251,Wednesday,5,5,5,2,1,5,1,2,3,few hours a day,3,19,2,female,village
252,Thursday,5,2,5,3,1,5,4,5,3,few hours a day,5,20,0,female,village
253,Friday,5,1,3,1,1,1,3,4,2,few hours a day,3,17,2,female,city
254,Saturday,5,3,5,2,2,5,5,5,3,few hours a day,3,23,2,female,village
255,Sunday,5,1,5,2,2,3,3,3,4,few hours a day,5,20,2,female,city
256,Monday,5,1,3,3,1,1,5,1,3,few hours a day,1,20,1,female,city
257,Tuesday,5,5,5,4,5,1,2,2,3,few hours a day,4,19,2,male,city
258,Wednesday,5,1,5,2,4,2,1,2,2,most of the day,4,20,1,female,city
259,Thursday,2,1,3,5,1,1,1,3,3,few hours a day,4,19,4,male,village
260,Friday,3,3,3,3,1,3,3,3,3,few hours a day,3,19,0,male,city
261,Saturday,5,1,5,3,4,5,3,4,3,few hours a day,2,18,1,female,city
262,Sunday,5,3,4,3,3,3,4,5,4,few hours a day,3,19,1,female,city
263,Monday,5,3,5,1,3,3,4,1,3,few hours a day,1,15,3,female,city
264,Tuesday,3,3,5,2,2,5,4,3,3,few hours a day,3,19,1,female,village
265,Wednesday,5,1,5,1,2,5,4,3,3,most of the day,5,15,1,female,city
266,Thursday,5,1,5,3,4,4,3,4,4,few hours a day,2,19,1,female,city
267,Friday,5,2,4,4,3,5,1,1,2,few hours a day,3,21,2,female,city
268,Saturday,5,1,4,1,5,5,5,2,3,few hours a day,4,19,2,female,city
269,Sunday,5,2,5,3,2,3,2,3,2,few hours a day,4,17,1,female,village
270,Monday,5,2,5,3,1,5,5,3,3,few hours a day,2,23,1,female,city
271,Tuesday,5,1,5,4,2,5,2,2,3,less than an hour a day,4,24,0,male,village
272,Wednesday,5,1,5,3,3,5,2,3,3,less than an hour a day,4,19,1,female,city
273,Thursday,5,4,5,3,2,1,4,3,4,few hours a day,3,19,2,female,city
274,Friday,5,2,4,5,1,4,4,2,2,few hours a day,4,22,0,female,city
275,Saturday,5,4,5,5,2,2,4,4,2,few hours a day,2,20,1,female,city
276,Sunday,5,1,5,4,3,1,3,4,3,few hours a day,1,21,2,female,village
277,Monday,5,2,5,5,2,1,5,4,3,few hours a day,4,19,0,male,city
278,Tuesday,5,3,5,4,3,5,1,3,4,few hours a day,3,19,2,male,village
279,Wednesday,5,2,4,3,1,5,2,4,3,few hours a day,3,20,1,female,city
280,Thursday,5,5,4,3,1,4,5,5,3,few hours a day,3,18,1,female,city
281,Friday,5,3,4,2,1,5,2,4,3,few hours a day,2,19,1,male,city
282,Saturday,5,1,3,1,1,5,5,3,3,less than an hour a day,4,20,2,female,city
283,Sunday,5,3,5,2,5,1,1,1,3,few hours a day,3,22,1,male,city
284,Monday,1,1,5,2,4,4,3,1,3,most of the day,5,20,2,male,city
285,Tuesday,5,1,5,2,2,5,5,2,3,few hours a day,4,20,2,female,city
286,Wednesday,5,1,5,4,1,5,4,3,1,few hours a day,2,27,1,female,city
287,Thursday,5,3,5,4,1,4,5,3,3,few hours a day,3,19,1,female,city
288,Friday,5,5,4,2,1,3,3,3,3,few hours a day,3,22,2,male,city
289,Saturday,5,2,4,5,1,4,1,2,2,most of the day,1,19,0,male,city
290,Sunday,4,1,5,4,1,2,1,4,4,few hours a day,1,20,1,female,city
291,Monday,4,2,4,4,2,3,2,2,3,few hours a day,3,20,1,male,village
292,Tuesday,5,2,5,3,1,5,4,3,4,few hours a day,4,21,1,female,city
293,Wednesday,5,1,5,4,5,5,2,4,1,few hours a day,3,16,1,female,village
294,Thursday,5,1,3,5,1,5,5,4,2,less than an hour a day,3,19,1,female,city
295,Friday,5,1,5,3,1,5,3,2,4,few hours a day,3,18,1,female,village
296,Saturday,5,5,5,4,4,4,1,1,3,few hours a day,1,23,1,male,city
297,Sunday,5,4,5,1,3,3,1,4,3,few hours a day,2,19,0,male,village
298,Monday,5,2,5,3,1,5,3,3,3,less than an hour a day,4,19,0,female,city
299,Tuesday,5,1,5,3,1,4,5,2,4,few hours a day,3,22,1,female,city
300,Wednesday,5,1,3,3,3,2,1,2,3,most of the day,4,18,1,female,city
301,Thursday,4,1,5,5,2,3,1,2,4,few hours a day,4,20,1,male,city
302,Friday,5,1,5,3,1,1,1,3,4,less than an hour a day,3,19,1,female,village
303,Saturday,4,1,5,4,5,5,4,4,4,few hours a day,4,25,1,female,city
304,Sunday,5,1,5,4,1,1,3,3,1,few hours a day,3,18,2,female,city
305,Monday,5,1,5,5,4,5,2,3,3,few hours a day,2,20,0,female,city
306,Tuesday,5,4,5,3,4,5,5,4,4,few hours a day,4,15,1,female,city
307,Wednesday,5,1,5,2,5,1,5,5,4,few hours a day,4,19,2,female,city
308,Thursday,5,4,4,3,2,3,3,3,4,few hours a day,3,19,2,female,city
309,Friday,5,2,4,2,3,1,1,2,3,few hours a day,3,16,0,female,village
310,Saturday,5,5,3,1,2,5,3,4,4,few hours a day,3,19,1,male,city
311,Sunday,5,2,5,5,3,2,5,3,4,few hours a day,3,18,0,female,city
312,Monday,2,2,5,2,2,3,2,3,3,few hours a day,2,15,1,male,city
313,Tuesday,5,2,5,3,1,3,5,2,4,few hours a day,3,20,1,female,city
314,Wednesday,5,5,5,5,5,5,2,2,4,few hours a day,3,20,2,male,village
315,Thursday,5,1,4,4,1,1,5,3,4,few hours a day,1,20,1,male,city
316,Friday,5,4,4,3,2,5,3,2,3,less than an hour a day,3,20,1,female,city
317,Saturday,5,4,5,1,3,5,1,3,4,few hours a day,3,19,2,male,city
318,Sunday,5,2,5,3,3,5,5,3,3,less than an hour a day,3,16,0,female,city
319,Monday,5,3,5,3,1,3,5,1,5,few hours a day,3,18,1,female,city
320,Tuesday,5,4,5,5,3,3,1,3,4,few hours a day,5,20,0,male,village
321,Wednesday,5,3,5,4,1,5,5,3,4,few hours a day,2,16,0,female,city
322,Thursday,5,1,4,5,1,5,2,2,4,few hours a day,2,18,1,female,city
323,Friday,5,1,3,2,3,5,4,4,3,few hours a day,4,20,1,male,village
324,Saturday,5,2,5,1,2,3,2,3,4,few hours a day,3,18,1,female,city
325,Sunday,5,4,4,5,1,5,2,3,4,less than an hour a day,4,19,1,male,village
326,Monday,5,3,5,4,4,4,1,1,4,few hours a day,3,19,0,female,city
327,Tuesday,5,1,5,3,2,5,5,3,3,few hours a day,5,20,1,female,city
328,Wednesday,5,1,5,1,5,1,1,3,3,few hours a day,5,18,0,male,city
329,Thursday,5,3,5,3,2,4,2,5,3,few hours a day,2,17,1,female,city
330,Friday,5,3,5,4,1,5,5,2,3,few hours a day,3,22,0,female,city
331,Saturday,5,4,5,2,3,5,3,3,3,few hours a day,3,17,1,male,village
332,Sunday,4,1,5,3,4,5,3,5,4,few hours a day,5,22,2,female,village
333,Monday,5,2,4,5,3,5,3,3,5,few hours a day,3,16,1,female,city
334,Tuesday,5,1,5,4,1,2,4,5,4,few hours a day,4,24,1,female,city
335,Wednesday,5,4,5,5,3,3,1,4,2,few hours a day,3,17,1,male,city
336,Thursday,5,4,5,1,5,4,5,2,4,few hours a day,5,17,1,male,city
337,Friday,5,5,5,3,4,5,3,2,1,few hours a day,1,17,2,male,city
338,Saturday,5,2,5,2,3,1,2,4,3,few hours a day,1,15,3,female,city
339,Sunday,5,1,5,5,1,5,2,3,4,few hours a day,2,18,2,female,city
340,Monday,5,1,4,5,1,1,5,2,3,few hours a day,4,18,2,female,village
341,Tuesday,5,5,5,3,1,2,5,5,2,most of the day,1,16,1,male,village
342,Wednesday,5,3,3,2,4,5,5,2,4,most of the day,3,20,1,female,city
343,Thursday,5,1,4,2,1,5,3,3,4,less than an hour a day,3,29,2,female,city
344,Friday,5,1,4,1,1,1,3,2,4,few hours a day,5,24,3,female,village
345,Saturday,4,3,4,3,3,4,1,3,3,less than an hour a day,4,18,0,female,city
346,Sunday,5,4,5,5,1,5,1,2,3,few hours a day,1,17,1,male,city
347,Monday,5,2,5,2,2,1,2,4,3,most of the day,1,18,1,male,city
348,Tuesday,5,2,5,3,3,4,5,3,3,few hours a day,2,16,1,male,city
349,Wednesday,5,4,5,3,2,5,5,2,4,few hours a day,3,17,2,female,city
350,Thursday,2,2,5,2,2,3,1,2,3,most of the day,3,20,2,male,city
351,Friday,5,1,5,3,5,5,5,3,4,few hours a day,4,16,1,female,village
352,Saturday,5,1,5,1,1,2,3,4,3,few hours a day,3,19,1,male,city
353,Sunday,5,1,5,4,2,3,3,4,4,few hours a day,3,18,1,female,city
354,Monday,5,3,5,3,4,4,3,1,5,few hours a day,4,20,1,female,city
355,Tuesday,5,2,5,4,4,1,5,3,5,few hours a day,4,19,1,male,city
356,Wednesday,4,2,4,5,5,3,1,1,3,few hours a day,3,18,1,male,city
357,Thursday,5,3,4,1,3,5,5,3,4,few hours a day,2,21,0,male,city
358,Friday,4,2,5,5,2,5,4,3,4,less than an hour a day,4,19,2,male,city
359,Saturday,5,2,5,5,1,5,5,3,3,few hours a day,1,20,2,female,city
360,Sunday,5,1,5,4,5,2,2,4,4,few hours a day,3,23,1,female,city
361,Monday,5,1,5,4,1,5,1,1,3,less than an hour a day,4,19,1,female,village
362,Tuesday,5,2,5,5,1,3,5,3,4,few hours a day,5,19,2,female,city
363,Wednesday,5,1,5,5,1,3,5,3,4,few hours a day,5,19,2,female,city
364,Thursday,2,2,5,3,2,1,4,4,4,few hours a day,4,20,2,male,city
365,Friday,5,2,5,5,1,1,1,2,3,few hours a day,3,24,5,male,village
366,Saturday,5,3,5,1,5,1,1,3,5,most of the day,4,19,1,male,city
367,Sunday,5,3,5,5,1,3,1,3,4,few hours a day,5,20,2,male,village
368,Monday,5,,5,3,1,5,1,3,4,few hours a day,4,18,1,female,
369,Tuesday,5,5,4,4,4,5,2,2,3,less than an hour a day,4,17,1,male,village
370,Wednesday,5,1,5,4,2,5,5,2,3,few hours a day,3,19,2,female,village
371,Thursday,5,2,5,2,5,3,2,1,3,few hours a day,3,19,4,female,village
372,Friday,4,4,4,3,1,1,1,2,2,most of the day,3,20,2,male,city
373,Saturday,5,1,5,5,1,1,2,4,3,most of the day,4,20,0,male,city
374,Sunday,5,3,5,2,1,5,5,4,4,few hours a day,1,21,1,female,city
375,Monday,5,,5,2,3,1,5,2,3,few hours a day,4,20,2,female,city
376,Tuesday,5,1,5,2,1,5,5,2,4,few hours a day,1,20,1,female,city
377,Wednesday,5,1,5,3,5,4,1,4,3,few hours a day,3,17,0,female,village
378,Thursday,5,3,5,4,5,5,2,2,4,few hours a day,2,20,2,female,city
379,Friday,5,2,5,3,3,3,2,3,4,few hours a day,3,25,2,male,city
380,Saturday,5,5,5,3,2,4,2,2,3,most of the day,4,20,1,female,city
381,Sunday,5,1,5,5,2,5,2,1,3,few hours a day,2,21,1,female,city
382,Monday,5,4,5,4,1,5,5,2,4,few hours a day,2,21,0,female,village
383,Tuesday,5,2,5,1,5,1,2,2,3,most of the day,3,22,1,male,city
384,Wednesday,5,1,2,2,5,1,5,4,3,few hours a day,2,19,1,female,city
385,Thursday,5,3,5,3,3,1,1,3,2,few hours a day,2,25,1,male,city
386,Friday,5,4,4,2,3,2,2,3,3,few hours a day,4,19,0,female,city
387,Saturday,5,2,5,2,2,5,1,3,3,few hours a day,4,25,2,female,city
388,Sunday,5,3,5,3,4,5,5,2,3,few hours a day,3,25,1,female,city
389,Monday,5,1,5,2,2,3,2,3,5,few hours a day,4,21,0,female,city
390,Tuesday,4,3,5,5,3,2,2,1,4,few hours a day,4,20,2,male,city
391,Wednesday,4,1,4,4,4,2,3,3,4,few hours a day,3,24,2,female,city
392,Thursday,5,2,5,3,3,1,3,4,3,less than an hour a day,4,30,2,female,city
393,Friday,5,1,5,5,1,3,1,3,3,few hours a day,4,21,1,male,city
394,Saturday,5,1,4,1,4,3,5,3,1,few hours a day,3,27,3,male,city
395,Sunday,5,5,5,4,4,1,1,3,2,few hours a day,3,21,1,male,city
396,Monday,5,2,2,2,4,1,4,4,4,few hours a day,3,16,0,female,city
397,Tuesday,5,1,5,1,4,5,2,3,4,most of the day,3,21,1,female,village
398,Wednesday,5,5,5,3,4,1,3,2,5,few hours a day,3,20,1,female,village
399,Thursday,5,1,5,5,4,5,1,1,2,less than an hour a day,3,22,1,female,city
400,Friday,5,4,5,5,5,1,2,2,3,most of the day,3,19,1,male,village
401,Saturday,5,1,4,2,1,1,1,2,4,few hours a day,4,20,1,female,village
402,Sunday,5,3,5,5,1,5,1,4,4,most of the day,3,25,1,male,city
403,Monday,2,1,4,2,2,4,1,4,3,less than an hour a day,2,23,2,male,village
404,Tuesday,5,5,5,2,2,5,2,4,3,few hours a day,5,20,2,female,village
405,Wednesday,4,2,4,5,2,3,3,3,4,few hours a day,3,20,1,female,city
406,Thursday,5,4,5,1,1,1,1,1,3,less than an hour a day,4,21,1,female,village
407,Friday,5,2,5,4,2,5,4,2,3,less than an hour a day,3,19,1,female,city
408,Saturday,5,1,4,3,1,1,3,2,4,few hours a day,2,21,1,female,city
409,Sunday,5,4,5,1,3,3,5,5,2,few hours a day,3,16,0,female,city
410,Monday,5,1,5,3,4,5,1,2,3,few hours a day,3,20,1,male,village
411,Tuesday,5,2,5,5,1,3,5,2,4,few hours a day,2,18,0,female,city
412,Wednesday,5,5,2,4,1,5,1,5,3,less than an hour a day,3,21,1,female,city
413,Thursday,5,3,5,4,3,4,3,3,3,few hours a day,3,21,2,male,village
414,Friday,5,2,5,4,3,3,4,1,3,few hours a day,3,18,2,male,city
415,Saturday,5,3,5,1,1,1,5,5,3,few hours a day,1,19,1,female,village
416,Sunday,4,4,,2,5,3,3,3,2,few hours a day,3,20,1,female,village
417,Monday,5,1,5,4,5,5,4,5,3,most of the day,2,18,1,male,village
418,Tuesday,5,1,5,1,1,5,5,2,3,less than an hour a day,3,18,1,female,village
419,Wednesday,5,3,3,3,1,2,1,2,3,less than an hour a day,3,23,0,female,village
420,Thursday,5,1,5,5,1,2,3,2,4,few hours a day,3,20,1,female,village
421,Friday,5,2,5,5,4,5,2,3,3,few hours a day,5,18,1,female,village
422,Saturday,5,5,5,4,1,5,5,3,4,few hours a day,4,28,1,female,city
423,Sunday,5,2,4,2,1,5,2,2,3,few hours a day,5,24,1,female,village
424,Monday,5,5,5,3,1,5,5,3,3,few hours a day,2,19,2,female,city
425,Tuesday,5,2,5,3,1,5,5,5,4,less than an hour a day,4,21,3,female,village
426,Wednesday,5,1,4,1,1,1,5,1,2,less than an hour a day,3,22,1,female,city
427,Thursday,5,2,5,3,1,1,5,3,2,few hours a day,1,19,1,male,city
428,Friday,5,3,5,2,2,5,4,4,4,few hours a day,4,18,2,female,city
429,Saturday,5,1,5,2,1,4,2,3,3,most of the day,3,21,0,female,city
430,Sunday,5,3,5,4,2,4,3,3,3,less than an hour a day,4,19,1,female,village
431,Monday,4,5,5,2,5,3,3,3,4,few hours a day,5,19,2,male,village
432,Tuesday,5,1,4,5,2,3,2,4,2,few hours a day,3,20,1,male,city
433,Wednesday,5,2,5,3,5,1,1,3,3,few hours a day,3,19,3,female,city
434,Thursday,5,4,5,5,1,4,3,4,4,few hours a day,2,18,1,male,city
435,Friday,5,1,4,2,1,5,5,3,4,few hours a day,2,18,1,female,city
436,Saturday,4,3,4,2,2,2,3,5,3,few hours a day,1,19,1,male,city
437,Sunday,5,4,5,1,1,1,5,3,3,few hours a day,3,18,0,female,city
438,Monday,5,1,5,1,1,4,5,5,3,few hours a day,1,18,2,female,village
439,Tuesday,5,4,5,4,3,1,1,1,4,few hours a day,4,19,1,male,city
440,Wednesday,5,4,5,4,1,3,5,3,5,few hours a day,3,19,1,female,city
441,Thursday,5,1,5,1,2,5,1,3,3,few hours a day,3,19,1,female,city
442,Friday,5,2,5,2,3,5,2,4,3,few hours a day,2,18,6,female,city
443,Saturday,4,3,4,5,3,1,1,4,4,few hours a day,3,18,3,female,village
444,Sunday,5,4,5,3,4,1,2,4,3,few hours a day,4,19,1,female,city
445,Monday,5,1,5,4,1,5,5,2,4,few hours a day,3,20,1,female,city
446,Tuesday,4,4,5,1,3,2,4,3,3,few hours a day,2,19,1,male,city
447,Wednesday,3,1,4,5,3,4,4,4,5,less than an hour a day,5,26,3,female,village
448,Thursday,5,3,5,3,4,4,3,2,3,few hours a day,2,19,1,female,village
449,Friday,5,1,5,2,3,,4,3,3,few hours a day,5,19,1,female,village
450,Saturday,5,1,5,3,2,5,1,3,3,few hours a day,1,22,1,male,village
451,Sunday,5,3,4,3,2,3,2,1,4,less than an hour a day,4,20,1,male,village
452,Monday,5,3,5,1,3,5,5,1,4,less than an hour a day,3,28,2,female,city
453,Tuesday,5,1,5,2,2,3,4,3,3,few hours a day,5,19,1,female,village
454,Wednesday,4,1,5,3,3,5,5,2,4,few hours a day,4,21,0,female,city
455,Thursday,5,4,5,1,2,3,4,4,5,less than an hour a day,3,19,1,female,village
456,Friday,5,1,5,5,5,5,1,1,5,few hours a day,5,22,2,male,city
457,Saturday,5,4,5,3,5,2,2,3,3,few hours a day,5,19,2,male,city
458,Sunday,5,5,1,5,1,1,1,1,5,few hours a day,3,18,1,female,village
459,Monday,4,3,5,2,1,2,2,3,4,less than an hour a day,4,19,0,female,city
460,Tuesday,5,1,5,4,1,5,1,2,3,few hours a day,1,22,2,male,city
461,Wednesday,5,2,4,3,3,3,1,3,3,few hours a day,3,29,3,male,village
462,Thursday,4,3,4,3,3,2,3,4,4,few hours a day,4,,2,female,village
463,Friday,5,1,5,1,3,4,2,5,3,less than an hour a day,3,18,0,female,city
464,Saturday,5,3,3,2,1,1,4,2,5,few hours a day,3,22,1,female,city
465,Sunday,5,2,5,5,2,1,1,1,4,less than an hour a day,4,17,1,female,city
466,Monday,5,5,5,1,1,1,3,1,3,few hours a day,1,19,0,male,city
467,Tuesday,4,2,5,1,3,1,5,2,4,few hours a day,4,20,1,female,village
468,Wednesday,5,2,3,3,4,4,2,2,4,few hours a day,3,18,1,female,village
469,Thursday,5,4,5,3,3,1,1,4,2,most of the day,4,22,2,male,city
470,Friday,4,1,4,4,2,2,1,3,4,few hours a day,5,19,1,female,village
471,Saturday,5,2,5,3,3,1,3,1,3,few hours a day,1,20,1,male,city
472,Sunday,3,1,3,2,5,2,1,5,3,few hours a day,3,25,1,male,village
473,Monday,5,1,5,5,2,5,2,5,1,less than an hour a day,5,29,0,male,village
474,Tuesday,5,5,5,3,5,5,3,2,4,few hours a day,3,19,1,male,village
475,Wednesday,5,1,4,4,3,5,1,3,3,few hours a day,1,18,4,female,city
476,Thursday,5,1,5,3,1,5,2,3,3,few hours a day,3,20,2,female,city
477,Friday,5,1,5,2,4,4,2,4,4,most of the day,3,18,3,female,city
478,Saturday,5,3,5,2,1,4,2,4,2,most of the day,3,30,3,male,city
479,Sunday,5,2,5,2,1,5,3,2,3,few hours a day,3,20,1,female,city
480,Monday,5,4,5,3,3,5,2,3,4,few hours a day,3,21,2,female,city
481,Tuesday,5,5,5,5,1,1,1,3,4,few hours a day,3,22,1,male,city
482,Wednesday,3,1,5,4,4,5,2,1,3,few hours a day,4,22,2,male,city
483,Thursday,5,1,5,3,4,3,4,5,3,few hours a day,1,20,1,female,city
484,Friday,5,2,5,4,4,1,5,3,3,few hours a day,2,20,1,female,city
485,Saturday,5,1,5,1,1,1,5,5,3,few hours a day,3,19,1,female,city
486,Sunday,3,2,5,4,3,1,5,2,2,few hours a day,2,28,1,female,city
487,Monday,5,1,5,1,1,1,3,1,3,most of the day,1,19,3,female,village
488,Tuesday,5,1,5,5,3,3,1,3,4,few hours a day,2,22,1,male,city
489,Wednesday,5,1,5,5,1,2,5,1,3,few hours a day,4,20,2,female,village
490,Thursday,4,4,1,1,1,1,5,3,4,less than an hour a day,3,16,1,female,city
491,Friday,5,1,5,2,2,2,5,3,3,less than an hour a day,3,19,1,female,city
492,Saturday,5,2,5,5,3,5,4,5,4,few hours a day,2,20,2,female,city
493,Sunday,5,2,5,3,2,5,2,2,3,most of the day,5,21,1,male,city
494,Monday,5,1,5,2,4,1,1,3,4,few hours a day,3,19,1,female,city
495,Tuesday,5,2,5,2,2,4,4,3,4,most of the day,4,20,2,female,city
496,Wednesday,3,2,4,3,3,2,5,3,3,less than an hour a day,3,25,1,female,city
497,Thursday,5,1,3,3,1,1,1,1,2,less than an hour a day,3,20,1,female,city
498,Friday,5,1,5,4,1,5,1,3,3,few hours a day,2,19,3,female,village
499,Saturday,5,3,5,3,2,1,1,2,3,most of the day,5,22,3,male,city
500,Sunday,5,4,5,4,3,5,2,4,4,few hours a day,3,19,2,female,city
501,Monday,5,2,4,3,4,1,5,4,3,few hours a day,5,21,1,female,city
502,Tuesday,5,3,5,2,3,1,3,2,4,most of the day,2,22,6,male,village
503,Wednesday,5,5,5,4,5,3,4,3,3,few hours a day,5,28,1,female,city
504,Thursday,5,1,5,3,5,5,1,1,4,few hours a day,2,21,1,female,village
505,Friday,5,1,5,2,3,1,1,2,3,few hours a day,2,20,3,male,village
506,Saturday,5,2,5,2,2,4,2,1,4,few hours a day,2,19,1,male,city
507,Sunday,5,1,4,3,2,3,5,4,3,few hours a day,3,21,1,female,village
508,Monday,5,1,5,3,1,3,4,2,4,few hours a day,4,20,0,male,village
509,Tuesday,4,4,4,5,1,4,1,1,5,few hours a day,4,16,1,female,village
510,Wednesday,5,2,4,3,3,5,1,2,3,less than an hour a day,3,22,1,male,village
511,Thursday,5,1,5,2,4,4,2,3,4,few hours a day,4,19,2,male,city
512,Friday,5,4,4,1,1,1,5,1,4,few hours a day,5,22,1,female,village
513,Saturday,5,3,4,2,5,4,1,3,3,most of the day,4,20,0,male,village
514,Sunday,5,1,5,3,1,2,4,3,3,few hours a day,4,22,0,male,city
515,Monday,5,1,5,3,4,1,2,3,2,most of the day,5,19,1,male,city
516,Tuesday,5,4,5,5,1,5,5,3,5,few hours a day,3,22,2,male,city
517,Wednesday,5,4,5,4,2,2,1,1,4,few hours a day,3,17,1,female,village
518,Thursday,5,4,4,3,1,5,2,4,4,less than an hour a day,4,18,1,female,city
519,Friday,5,4,4,4,2,2,1,2,3,few hours a day,1,19,1,male,city
520,Saturday,5,2,5,4,3,3,5,3,3,less than an hour a day,3,23,1,female,city
521,Sunday,5,3,5,3,1,4,1,4,3,few hours a day,1,20,0,female,city
522,Monday,5,4,5,2,1,5,2,1,3,few hours a day,3,18,2,female,city
523,Tuesday,5,3,5,2,,4,1,3,3,few hours a day,1,19,3,male,village
524,Wednesday,5,1,5,3,3,5,2,3,4,less than an hour a day,4,19,4,female,city
525,Thursday,3,1,4,3,3,4,1,4,3,few hours a day,3,28,2,female,village
526,Friday,5,1,5,4,5,5,1,2,4,few hours a day,4,21,1,male,village
527,Saturday,4,2,4,2,5,5,3,1,3,few hours a day,4,23,1,female,city
528,Sunday,5,3,5,2,5,1,1,4,3,most of the day,3,20,2,male,city
529,Monday,5,1,4,5,1,3,1,3,3,few hours a day,3,20,1,male,city
530,Tuesday,5,1,4,5,3,2,3,3,2,most of the day,4,28,2,female,city
531,Wednesday,5,1,5,5,3,1,2,4,1,few hours a day,3,22,1,male,village
532,Thursday,5,4,5,5,1,1,2,2,4,few hours a day,2,19,0,female,city
533,Friday,5,3,5,3,3,1,1,4,3,few hours a day,3,21,3,male,city
534,Saturday,5,2,5,3,1,5,5,4,3,few hours a day,3,21,1,female,city
535,Sunday,5,4,5,3,3,5,1,3,3,few hours a day,1,17,2,male,village
536,Monday,5,5,5,3,1,5,5,1,3,few hours a day,1,19,1,female,city
537,Tuesday,5,2,5,4,2,1,2,2,3,few hours a day,3,25,3,male,city
538,Wednesday,5,3,5,4,1,5,5,1,3,few hours a day,4,20,1,female,village
539,Thursday,5,1,5,5,1,1,4,5,3,most of the day,1,26,2,male,city
540,Friday,5,3,5,3,3,5,3,3,3,few hours a day,3,21,0,male,city
541,Saturday,5,1,5,2,1,3,3,1,4,few hours a day,2,20,2,female,city
542,Sunday,5,2,5,4,2,2,4,3,3,most of the day,2,29,1,,city
543,Monday,5,4,5,3,2,2,4,3,4,most of the day,3,25,1,male,city
544,Tuesday,5,1,5,3,1,5,1,5,4,few hours a day,1,21,2,male,city
545,Wednesday,5,3,5,3,1,1,3,4,5,most of the day,3,20,3,male,village
546,Thursday,5,1,5,3,4,2,1,3,4,few hours a day,4,27,3,male,village
547,Friday,5,1,5,5,1,4,1,1,4,few hours a day,3,21,2,male,village
548,Saturday,4,1,4,2,1,3,1,1,4,less than an hour a day,4,20,1,female,city
549,Sunday,5,4,4,2,1,2,2,3,3,less than an hour a day,3,,1,female,village
550,Monday,5,1,5,3,3,5,5,5,3,few hours a day,1,17,3,female,village
551,Tuesday,5,1,3,4,3,1,5,2,4,less than an hour a day,2,16,,female,village
552,Wednesday,5,2,5,4,3,5,5,3,2,few hours a day,3,19,3,female,city
553,Thursday,3,3,4,2,3,5,5,3,3,few hours a day,2,18,1,female,village
554,Friday,4,3,4,2,5,3,2,3,3,few hours a day,3,19,0,male,village
555,Saturday,5,2,4,1,1,3,1,4,2,few hours a day,1,21,1,female,village
556,Sunday,5,2,5,2,1,2,5,2,4,few hours a day,3,16,0,female,city
557,Monday,5,1,5,5,1,5,5,3,4,few hours a day,4,20,2,female,city
558,Tuesday,,2,3,3,2,4,5,2,4,few hours a day,2,19,2,female,city
559,Wednesday,5,1,5,1,1,2,1,5,3,most of the day,3,20,1,female,village
560,Thursday,5,2,3,1,1,5,1,4,4,less than an hour a day,4,16,2,female,village
561,Friday,5,4,4,4,2,3,2,3,4,less than an hour a day,5,20,1,male,city
562,Saturday,5,1,5,3,1,3,1,3,3,less than an hour a day,3,18,0,male,village
563,Sunday,5,2,5,5,1,4,4,1,4,few hours a day,1,20,1,male,village
564,Monday,5,2,5,3,2,3,5,2,4,less than an hour a day,4,20,2,male,village
565,Tuesday,5,3,5,1,2,2,5,5,3,few hours a day,3,16,2,female,city
566,Wednesday,5,2,5,4,3,4,3,3,4,less than an hour a day,3,19,1,female,village
567,Thursday,5,2,4,1,3,2,1,3,2,few hours a day,2,19,1,male,city
568,Friday,5,3,5,1,1,1,3,4,4,most of the day,3,23,1,female,city
569,Saturday,5,2,5,4,3,5,2,3,3,few hours a day,3,20,1,female,city
570,Sunday,5,1,5,4,1,3,1,3,3,few hours a day,3,23,4,male,village
571,Monday,3,4,4,1,4,4,3,4,5,few hours a day,5,19,2,male,village
572,Tuesday,5,1,4,2,3,5,2,2,4,few hours a day,5,22,3,female,city
573,Wednesday,4,4,5,3,1,4,5,1,3,most of the day,1,17,3,male,city
574,Thursday,5,5,5,3,1,4,1,3,3,less than an hour a day,3,20,1,female,village
575,Friday,5,2,4,2,2,4,2,4,2,less than an hour a day,4,21,1,female,city
576,Saturday,5,3,5,3,3,4,4,2,3,few hours a day,1,21,3,male,city
577,Sunday,5,2,5,3,4,5,5,2,2,few hours a day,3,19,1,female,city
578,Monday,5,1,5,2,1,5,4,3,4,few hours a day,3,20,0,female,village
579,Tuesday,5,5,5,5,5,2,2,4,3,most of the day,1,19,0,male,city
580,Wednesday,5,3,5,3,2,,1,1,3,few hours a day,5,21,0,male,city
581,Thursday,5,5,4,1,3,5,5,3,4,few hours a day,4,22,1,female,city
582,Friday,3,4,5,5,3,1,4,3,2,few hours a day,5,22,3,male,city
583,Saturday,5,1,5,5,2,4,1,3,4,most of the day,3,22,1,male,city
584,Sunday,5,4,4,3,2,5,3,4,4,most of the day,2,28,1,female,city
585,Monday,5,4,4,2,1,3,3,3,4,less than an hour a day,3,21,1,male,city
586,Tuesday,5,5,5,4,1,4,3,,3,few hours a day,2,21,2,male,village
587,Wednesday,5,2,4,4,1,5,3,4,2,few hours a day,2,17,3,female,city
588,Thursday,5,1,5,3,1,3,5,2,3,less than an hour a day,2,21,1,female,city
589,Friday,5,2,5,5,1,4,5,3,4,few hours a day,1,17,1,female,village
590,Saturday,5,1,5,4,5,4,1,3,4,few hours a day,2,28,1,male,city
591,Sunday,4,1,3,3,1,3,1,1,3,few hours a day,4,20,1,female,city
592,Monday,5,4,4,3,1,5,1,3,4,few hours a day,3,19,0,female,city
593,Tuesday,5,1,4,2,1,5,2,2,3,less than an hour a day,4,21,1,female,city
594,Wednesday,5,1,4,5,2,1,1,5,1,few hours a day,2,23,1,male,city
595,Thursday,5,1,5,4,1,5,1,5,2,most of the day,1,17,1,male,village
596,Friday,5,5,3,2,1,4,1,5,3,few hours a day,4,20,0,male,city
597,Saturday,5,3,5,2,2,2,1,2,4,less than an hour a day,3,19,1,male,city
598,Sunday,4,3,5,3,2,5,4,4,3,few hours a day,5,19,1,male,city
599,Monday,5,3,5,4,4,2,2,2,4,few hours a day,2,19,1,male,city
600,Tuesday,5,4,5,2,1,5,5,4,3,most of the day,3,18,0,female,city
601,Wednesday,5,1,5,3,2,5,3,3,3,few hours a day,3,19,1,female,village
602,Thursday,4,3,5,4,2,3,3,2,3,few hours a day,5,22,1,male,village
603,Friday,5,4,,3,2,3,3,3,4,few hours a day,3,21,1,female,city
604,Saturday,5,1,5,5,1,5,5,5,3,few hours a day,3,21,1,female,city
605,Sunday,5,1,5,3,2,5,5,1,4,less than an hour a day,3,21,1,male,village
606,Monday,4,1,5,2,2,4,1,4,4,few hours a day,4,22,1,male,village
607,Tuesday,3,1,4,4,1,5,2,2,5,less than an hour a day,3,19,1,female,city
608,Wednesday,3,1,5,5,5,4,2,1,2,few hours a day,3,25,1,male,city
609,Thursday,4,4,3,5,5,3,1,3,4,few hours a day,4,18,2,male,city
610,Friday,5,3,4,2,2,1,5,3,2,few hours a day,3,20,1,male,city
611,Saturday,5,3,5,3,3,5,4,3,3,most of the day,2,18,0,female,city
612,Sunday,5,5,3,4,3,2,3,1,4,most of the day,3,23,2,male,village
613,Monday,5,3,5,4,1,5,5,4,4,most of the day,2,18,1,female,city
614,Tuesday,5,5,5,3,1,5,1,3,2,few hours a day,5,22,1,female,village
615,Wednesday,5,3,5,2,2,2,1,3,4,few hours a day,1,20,0,male,city
616,Thursday,3,4,5,4,3,4,1,1,1,few hours a day,3,19,1,male,city
617,Friday,5,1,4,3,1,1,1,3,5,most of the day,3,19,1,female,city
618,Saturday,5,1,5,5,1,1,3,5,4,most of the day,3,23,0,female,city
619,Sunday,5,2,5,3,5,1,3,2,3,few hours a day,2,27,4,male,city
620,Monday,5,2,5,4,1,2,3,4,2,most of the day,1,20,2,male,city
621,Tuesday,4,5,5,1,1,3,5,5,4,most of the day,3,20,3,,city
622,Wednesday,5,4,5,2,1,5,2,2,4,few hours a day,3,18,1,female,city
623,Thursday,5,1,5,5,1,3,1,4,3,few hours a day,1,21,3,male,city
624,Friday,5,1,5,3,1,2,5,2,2,few hours a day,1,21,1,female,city
625,Saturday,5,2,5,2,3,5,5,1,3,few hours a day,4,19,1,female,city
626,Sunday,5,4,5,2,2,4,2,3,3,less than an hour a day,4,22,0,female,village
627,Monday,5,2,5,3,3,1,3,3,3,less than an hour a day,5,20,1,female,city
628,Tuesday,4,2,5,2,4,4,1,4,4,few hours a day,3,19,0,male,city
629,Wednesday,5,3,5,2,1,5,3,3,4,few hours a day,1,20,0,female,city
630,Thursday,5,5,4,3,3,1,5,3,3,few hours a day,3,19,1,female,city
631,Friday,5,3,5,3,4,5,4,2,3,few hours a day,2,18,1,female,village
632,Saturday,5,4,4,4,3,4,1,3,4,few hours a day,2,17,1,male,village
633,Sunday,5,1,5,1,1,3,1,1,3,less than an hour a day,2,21,2,male,city
634,Monday,5,2,4,3,2,2,4,2,4,few hours a day,3,19,1,female,village
635,Tuesday,4,1,4,4,1,2,3,3,4,less than an hour a day,3,25,1,female,city
636,Wednesday,5,3,5,5,1,4,3,1,4,few hours a day,1,24,2,male,village
637,Thursday,5,2,,4,5,5,1,2,3,less than an hour a day,2,29,1,male,village
638,Friday,5,1,4,4,1,5,3,3,3,few hours a day,2,21,1,female,city
639,Saturday,5,1,5,2,3,1,3,5,3,few hours a day,3,18,1,male,city
640,Sunday,5,1,5,4,3,4,5,3,5,few hours a day,2,21,3,female,city
641,Monday,5,3,5,2,2,3,2,4,3,most of the day,4,17,2,male,city
642,Tuesday,4,3,4,3,4,5,1,5,4,most of the day,4,22,0,male,city
643,Wednesday,5,2,5,4,2,5,2,2,4,few hours a day,4,18,2,female,village
644,Thursday,4,1,5,3,4,5,4,2,5,few hours a day,4,18,3,female,village
645,Friday,5,5,4,5,3,5,1,3,4,few hours a day,4,23,1,male,village
646,Saturday,4,2,5,2,1,1,2,1,3,few hours a day,3,22,1,male,city
647,Sunday,5,1,5,5,1,5,3,3,3,most of the day,3,21,0,female,village
648,Monday,5,2,5,2,2,2,4,2,3,few hours a day,3,23,3,female,city
649,Tuesday,5,2,5,3,1,5,5,4,3,few hours a day,2,17,1,female,city
650,Wednesday,5,3,5,3,4,5,2,4,2,few hours a day,3,20,1,male,city
651,Thursday,5,4,5,5,1,2,1,2,3,few hours a day,5,22,1,male,city
652,Friday,4,1,5,3,4,1,4,5,4,few hours a day,4,21,0,male,city
653,Saturday,5,1,5,3,1,5,2,3,4,few hours a day,5,22,0,female,village
654,Sunday,4,3,4,4,3,4,4,3,3,few hours a day,4,24,2,male,village
655,Monday,5,4,5,1,3,1,4,4,4,few hours a day,3,19,1,female,village
656,Tuesday,5,1,5,5,5,5,5,3,,few hours a day,3,18,1,female,city
657,Wednesday,5,1,5,1,1,3,4,3,3,most of the day,3,24,1,female,city
658,Thursday,5,4,5,1,5,4,1,1,3,few hours a day,4,22,3,male,city
659,Friday,5,1,2,2,3,2,1,5,3,few hours a day,4,20,1,male,village
660,Saturday,5,1,5,5,2,1,2,5,4,less than an hour a day,5,20,1,female,city
661,Sunday,5,2,3,4,2,4,2,2,3,few hours a day,2,19,1,female,city
662,Monday,5,2,4,3,4,5,4,2,2,few hours a day,4,21,1,female,city
663,Tuesday,5,2,4,4,3,1,2,3,3,no time at all,3,25,1,male,city
664,Wednesday,5,1,5,3,1,2,2,2,4,few hours a day,4,28,1,female,village
665,Thursday,5,4,5,4,1,5,3,3,3,few hours a day,3,20,1,female,city
666,Friday,5,1,4,3,1,5,2,5,3,few hours a day,2,20,2,female,city
667,Saturday,5,1,3,5,2,4,2,2,3,few hours a day,4,23,1,male,city
668,Sunday,5,1,4,2,4,2,2,4,2,few hours a day,3,27,1,male,city
669,Monday,4,4,4,4,2,3,2,3,3,few hours a day,4,21,1,male,village
670,Tuesday,5,2,3,3,2,4,1,3,3,few hours a day,3,23,1,female,city
671,Wednesday,5,4,4,3,3,5,2,3,4,few hours a day,3,22,2,female,city
672,Thursday,3,1,4,3,1,5,5,3,3,few hours a day,4,28,1,female,city
673,Friday,4,1,4,3,1,5,4,4,3,less than an hour a day,4,22,2,female,city
674,Saturday,5,1,4,1,3,3,1,2,4,less than an hour a day,3,18,1,male,city
675,Sunday,5,3,5,3,2,2,4,3,4,most of the day,3,25,1,female,city
676,Monday,5,2,5,3,1,3,3,2,3,few hours a day,3,20,2,female,city
677,Tuesday,4,1,5,5,4,5,1,1,3,few hours a day,2,28,1,female,city
678,Wednesday,5,1,3,5,2,5,3,4,4,few hours a day,3,23,1,female,city
679,Thursday,5,3,5,3,1,5,1,3,4,few hours a day,4,21,0,female,city
680,Friday,5,5,5,4,3,5,5,3,3,few hours a day,3,25,1,female,city
681,Saturday,5,4,4,3,2,3,5,3,3,few hours a day,3,28,1,female,city
682,Sunday,4,5,5,3,4,5,2,3,3,few hours a day,1,19,4,male,village
683,Monday,5,1,5,4,1,5,,3,4,less than an hour a day,3,30,1,female,village
684,Tuesday,5,1,5,2,3,3,3,2,3,few hours a day,2,28,1,female,village
685,Wednesday,5,3,5,3,2,5,4,4,4,few hours a day,3,19,0,female,village
686,Thursday,2,3,3,3,3,3,3,3,3,less than an hour a day,3,21,1,male,city
687,Friday,5,1,5,3,1,2,5,3,5,few hours a day,3,19,1,male,city
688,Saturday,5,1,5,3,3,1,5,4,4,few hours a day,4,18,2,female,city
689,Sunday,5,3,5,5,3,5,1,3,3,few hours a day,4,18,1,male,city
690,Monday,5,3,5,4,3,2,4,3,3,few hours a day,3,18,1,male,city
691,Tuesday,5,2,5,3,1,3,5,4,3,less than an hour a day,2,17,0,female,city
692,Wednesday,5,2,5,5,3,3,1,1,3,few hours a day,3,21,1,male,city
693,Thursday,5,4,4,2,1,3,2,5,3,few hours a day,3,18,1,female,village
694,Friday,5,4,5,5,5,1,3,5,3,few hours a day,3,21,4,male,city
695,Saturday,5,3,4,4,2,5,5,3,3,few hours a day,3,23,0,female,city
696,Sunday,5,3,5,3,2,3,1,4,3,less than an hour a day,3,18,1,female,city
697,Monday,5,1,5,2,4,1,5,4,3,most of the day,2,20,1,female,city
698,Tuesday,5,2,5,3,1,2,2,5,5,most of the day,1,19,0,female,city
699,Wednesday,5,2,5,2,1,1,2,3,3,few hours a day,2,20,1,female,city
700,Thursday,5,1,5,3,1,5,2,2,3,few hours a day,4,26,3,female,village
701,Friday,5,5,5,5,3,5,3,3,4,few hours a day,4,21,1,female,city
702,Saturday,5,1,4,5,5,2,4,5,3,most of the day,3,19,2,male,city
703,Sunday,4,1,5,3,1,5,1,1,3,few hours a day,1,23,1,male,city
704,Monday,5,2,5,2,1,4,5,3,3,less than an hour a day,3,21,2,female,village
705,Tuesday,5,3,5,4,4,5,1,1,4,few hours a day,3,22,1,female,village
706,Wednesday,5,3,4,2,1,1,1,2,3,few hours a day,1,18,2,male,city
707,Thursday,5,2,3,2,3,2,1,5,4,few hours a day,4,21,1,female,village
708,Friday,5,4,5,2,3,5,1,3,2,few hours a day,3,23,1,male,city
709,Saturday,5,2,5,2,1,3,1,3,3,less than an hour a day,2,17,0,female,city
710,Sunday,4,1,5,3,5,2,2,1,4,few hours a day,4,20,1,female,city
711,Monday,4,1,3,3,1,5,2,4,3,few hours a day,4,22,1,female,village
712,Tuesday,5,1,5,1,1,3,5,1,4,few hours a day,3,20,1,female,village
713,Wednesday,5,2,3,5,1,3,5,3,3,most of the day,1,19,2,female,village
714,Thursday,5,3,5,3,3,5,4,2,4,less than an hour a day,5,25,0,female,village
715,Friday,4,1,5,4,2,5,2,2,3,few hours a day,3,29,1,male,village
716,Saturday,5,3,4,5,5,2,3,3,4,less than an hour a day,5,29,2,male,village
717,Sunday,5,1,5,3,3,5,3,3,3,few hours a day,3,17,1,female,city
718,Monday,5,,5,3,1,4,5,4,3,less than an hour a day,3,17,1,female,city
719,Tuesday,4,3,5,3,4,3,2,1,3,few hours a day,2,19,2,male,city
720,Wednesday,4,2,5,5,2,1,1,3,4,few hours a day,4,18,2,female,city
721,Thursday,5,1,4,1,3,1,3,3,5,less than an hour a day,4,20,3,female,city
722,Friday,5,2,5,3,2,1,2,3,4,few hours a day,3,21,0,female,city
723,Saturday,5,1,5,5,3,1,5,3,4,few hours a day,,18,1,female,city
724,Sunday,4,2,5,2,2,2,5,3,3,few hours a day,3,19,1,female,city
725,Monday,5,3,5,5,1,3,1,2,3,few hours a day,1,19,0,male,village
726,Tuesday,5,4,5,2,1,5,3,5,3,less than an hour a day,2,20,2,male,city
727,Wednesday,5,5,3,1,3,1,3,1,3,less than an hour a day,3,19,1,male,village
728,Thursday,5,3,5,5,5,5,5,3,3,few hours a day,1,18,1,female,village
729,Friday,5,3,,4,4,5,2,3,4,few hours a day,3,18,1,male,city
730,Saturday,5,1,5,5,1,5,2,3,2,few hours a day,,16,1,female,village
731,Sunday,5,2,5,4,4,1,1,4,4,few hours a day,4,18,1,female,city
732,Monday,5,2,4,5,3,1,2,2,3,few hours a day,3,19,0,female,village
733,Tuesday,4,1,5,5,5,5,2,3,3,most of the day,3,24,2,female,village
734,Wednesday,5,1,4,3,5,1,1,1,5,less than an hour a day,5,19,3,female,city
735,Thursday,2,1,3,4,3,3,3,2,5,no time at all,5,,1,female,village
736,Friday,4,2,5,5,2,4,3,3,3,few hours a day,2,20,1,female,city
737,Saturday,5,3,5,4,1,5,3,4,3,most of the day,3,21,0,female,city
738,Sunday,5,,5,1,4,4,1,2,3,few hours a day,2,23,2,male,city
739,Monday,5,3,5,5,5,4,2,1,3,few hours a day,4,23,0,male,city
740,Tuesday,4,2,5,4,3,4,3,2,4,less than an hour a day,3,17,1,male,city
741,Wednesday,5,1,5,5,5,1,1,4,5,few hours a day,3,18,3,female,city
742,Thursday,5,5,5,3,4,1,2,1,1,few hours a day,1,26,5,male,village
743,Friday,2,1,1,1,3,2,1,3,4,few hours a day,1,22,0,male,city
744,Saturday,5,,5,3,1,3,1,4,2,less than an hour a day,2,22,2,male,city
745,Sunday,5,5,4,4,4,4,3,2,3,most of the day,3,25,2,male,village
746,Monday,5,2,5,1,5,4,5,3,4,few hours a day,3,21,1,female,city
747,Tuesday,5,3,5,5,1,1,1,2,4,few hours a day,4,18,2,female,city
748,Wednesday,5,3,5,3,2,5,5,3,3,less than an hour a day,3,15,2,female,city
749,Thursday,5,1,5,4,1,4,3,3,3,few hours a day,3,17,0,male,city
750,Friday,5,1,4,4,4,1,1,2,3,less than an hour a day,4,22,6,female,city
751,Saturday,5,2,5,2,1,1,1,3,4,few hours a day,4,21,1,female,city
752,Sunday,5,4,4,3,3,1,2,2,4,few hours a day,1,21,3,female,village
753,Monday,5,1,5,4,1,5,2,2,3,few hours a day,2,19,3,female,village
754,Tuesday,4,3,4,3,4,2,2,1,1,few hours a day,1,26,1,male,city
755,Wednesday,5,1,5,3,4,5,1,3,3,few hours a day,3,26,1,female,city
756,Thursday,5,4,5,5,3,5,1,2,4,few hours a day,4,25,2,male,city
757,Friday,5,5,5,2,1,4,2,3,3,few hours a day,4,19,3,female,village
758,Saturday,5,5,5,2,3,4,2,3,3,few hours a day,3,20,1,male,village
759,Sunday,5,2,5,5,4,5,2,4,4,few hours a day,4,18,0,male,village
760,Monday,5,3,5,4,3,1,3,2,3,few hours a day,4,25,1,female,city
761,Tuesday,5,2,5,2,3,2,1,1,2,few hours a day,1,23,1,male,city
762,Wednesday,5,3,5,5,3,5,1,1,4,less than an hour a day,2,24,1,male,city
763,Thursday,5,3,5,5,1,5,3,3,4,few hours a day,3,20,3,male,village
764,Friday,5,1,5,3,2,2,5,2,4,less than an hour a day,4,19,2,female,village
765,Saturday,5,2,5,2,3,3,1,4,3,few hours a day,4,18,1,male,village
766,Sunday,5,4,5,4,3,4,4,2,5,most of the day,4,25,2,female,city
767,Monday,1,2,4,3,3,3,3,1,3,few hours a day,3,22,2,male,city
768,Tuesday,4,3,4,3,2,4,4,3,2,few hours a day,2,26,1,male,city
769,Wednesday,3,3,5,4,4,4,2,3,3,less than an hour a day,4,19,0,female,city
770,Thursday,1,1,4,1,2,2,5,1,2,less than an hour a day,3,16,2,female,city
771,Friday,5,1,5,3,3,1,1,3,3,few hours a day,4,18,0,male,city
772,Saturday,5,1,5,3,1,4,4,2,3,few hours a day,3,20,1,female,city
773,Sunday,5,2,5,3,3,4,5,4,3,less than an hour a day,3,17,0,female,city
774,Monday,3,1,4,4,2,1,2,2,4,most of the day,2,20,0,female,city
775,Tuesday,5,5,5,3,2,5,3,5,5,few hours a day,1,19,3,female,city
776,Wednesday,5,5,5,5,1,3,1,5,5,few hours a day,4,25,1,male,village
777,Thursday,5,3,5,2,1,1,1,5,3,few hours a day,3,19,1,male,city
778,Friday,5,1,5,2,2,5,5,2,3,few hours a day,2,18,0,female,city
779,Saturday,5,3,5,5,2,5,5,1,3,less than an hour a day,2,17,0,female,village
780,Sunday,5,4,5,5,4,5,1,3,3,few hours a day,3,18,1,male,city
781,Monday,4,2,4,5,1,5,1,3,3,less than an hour a day,2,20,1,female,city
782,Tuesday,5,2,5,2,3,5,2,3,4,most of the day,4,17,3,female,village
783,Wednesday,5,4,5,5,2,5,1,3,3,few hours a day,4,21,1,male,village
784,Thursday,4,4,5,4,2,1,2,3,4,few hours a day,2,19,1,male,city
785,Friday,4,1,5,5,1,4,1,3,2,few hours a day,2,19,0,male,city
786,Saturday,5,3,4,4,2,1,1,2,4,few hours a day,3,19,0,male,city
787,Sunday,5,3,5,5,3,2,1,2,4,few hours a day,2,16,1,male,city
788,Monday,5,1,4,2,1,1,1,3,3,less than an hour a day,4,18,2,female,city
789,Tuesday,5,4,5,3,1,5,3,1,4,most of the day,2,19,3,male,village
790,Wednesday,5,4,5,3,3,1,2,5,2,few hours a day,4,20,,female,village
791,Thursday,5,3,5,3,1,1,2,3,3,few hours a day,1,19,1,female,city
792,Friday,5,3,3,4,1,3,1,2,4,less than an hour a day,3,21,1,male,village
793,Saturday,2,4,5,3,4,2,1,3,5,few hours a day,4,24,2,male,city
794,Sunday,4,1,5,2,1,5,1,1,3,less than an hour a day,5,23,1,male,city
795,Monday,5,1,4,4,4,5,5,3,4,most of the day,5,30,0,female,city
796,Tuesday,3,2,3,3,4,4,5,2,4,less than an hour a day,4,27,3,male,city
797,Wednesday,5,3,5,2,2,1,1,5,3,few hours a day,3,19,1,male,city
798,Thursday,5,2,5,5,2,1,3,3,3,few hours a day,3,18,2,female,city
799,Friday,5,2,5,4,4,5,3,4,3,few hours a day,4,18,2,male,city
800,Saturday,5,1,5,1,4,1,3,2,3,few hours a day,5,17,2,male,city
801,Sunday,4,4,5,2,1,2,1,3,1,less than an hour a day,1,30,1,female,village
802,Monday,5,4,5,3,1,4,5,1,3,few hours a day,4,19,0,female,city
803,Tuesday,5,1,5,3,1,3,5,3,4,most of the day,3,27,5,female,village
804,Wednesday,5,2,5,1,1,5,5,2,4,most of the day,1,21,1,female,village
805,Thursday,5,3,2,5,1,4,5,3,4,few hours a day,3,17,3,female,city
806,Friday,1,1,5,5,1,5,1,2,3,few hours a day,3,20,1,male,city
807,Saturday,3,1,5,3,1,5,4,3,2,few hours a day,3,20,0,male,city
808,Sunday,5,3,5,2,1,1,2,2,3,few hours a day,2,20,1,male,city
809,Monday,4,1,4,4,1,1,1,1,2,most of the day,2,18,0,male,city
810,Tuesday,5,1,5,4,1,5,5,2,3,few hours a day,1,20,1,male,city
811,Wednesday,5,1,4,4,2,5,3,4,4,few hours a day,4,20,1,male,city
812,Thursday,5,1,5,5,1,4,1,2,2,few hours a day,1,17,1,female,city
813,Friday,5,1,5,3,1,5,1,1,2,few hours a day,1,19,1,male,city
814,Saturday,5,5,5,3,3,5,5,5,1,few hours a day,2,20,1,female,city
815,Sunday,5,2,5,4,4,5,1,1,3,few hours a day,3,20,1,male,city
816,Monday,5,3,5,5,3,5,5,1,4,few hours a day,2,21,0,male,city
817,Tuesday,3,1,3,1,1,2,1,5,5,most of the day,3,23,0,male,city
818,Wednesday,4,4,3,4,1,4,1,2,3,few hours a day,2,24,2,male,village
819,Thursday,5,2,4,3,3,5,2,1,3,less than an hour a day,4,17,0,female,city
820,Friday,5,1,5,2,3,1,4,2,4,few hours a day,2,18,1,female,city
821,Saturday,5,1,5,5,1,5,3,4,3,few hours a day,1,17,1,male,city
822,Sunday,5,1,3,4,1,4,3,3,1,few hours a day,4,19,1,female,city
823,Monday,5,3,4,4,1,1,2,5,2,few hours a day,2,21,0,male,city
824,Tuesday,5,1,5,5,1,5,1,1,3,most of the day,4,29,1,female,city
825,Wednesday,4,1,5,2,2,5,2,3,3,few hours a day,2,21,1,female,city
826,Thursday,5,1,5,4,1,1,4,3,3,few hours a day,1,20,1,female,village
827,Friday,5,1,4,2,1,2,2,2,4,few hours a day,1,20,1,female,city
828,Saturday,1,4,5,2,3,2,2,2,3,few hours a day,4,19,1,male,village
829,Sunday,5,1,5,3,2,2,4,5,5,few hours a day,3,20,0,female,city
830,Monday,5,2,5,4,5,5,5,3,4,most of the day,2,21,1,female,city
831,Tuesday,5,3,5,4,3,3,3,3,4,few hours a day,3,17,2,female,village
832,Wednesday,5,1,3,3,1,2,5,2,3,few hours a day,1,20,1,female,village
833,Thursday,3,2,5,3,2,1,2,3,3,few hours a day,4,19,1,male,city
834,Friday,4,2,5,2,1,3,4,2,4,less than an hour a day,2,21,1,male,city
835,Saturday,4,1,5,4,4,1,3,3,3,few hours a day,3,19,0,male,city
836,Sunday,5,1,5,2,1,4,1,1,2,few hours a day,1,19,0,male,city
837,Monday,5,1,4,3,4,3,2,1,4,few hours a day,2,20,3,male,city
838,Tuesday,5,2,5,2,1,5,5,1,1,few hours a day,3,21,0,female,city
839,Wednesday,4,1,5,2,1,5,2,2,3,few hours a day,2,23,1,female,city
840,Thursday,5,1,4,1,3,3,2,2,4,most of the day,4,24,1,female,city
841,Friday,5,5,3,3,1,1,4,5,5,few hours a day,1,19,3,male,city
842,Saturday,,2,5,5,2,4,5,1,1,few hours a day,3,24,2,female,village
843,Sunday,5,3,5,5,1,5,5,3,3,few hours a day,4,20,1,female,city
844,Monday,5,4,5,5,5,4,1,2,4,few hours a day,2,30,2,male,city
845,Tuesday,4,1,5,5,2,4,3,3,3,most of the day,1,20,1,female,city
846,Wednesday,5,5,5,2,2,5,5,4,4,few hours a day,4,23,4,female,city
847,Thursday,5,1,5,3,1,5,4,5,1,few hours a day,1,19,1,female,city
848,Friday,5,2,3,1,1,2,1,1,2,few hours a day,3,19,4,male,city
849,Saturday,3,1,5,1,5,4,4,5,2,most of the day,2,22,2,female,village
850,Sunday,4,1,5,2,1,5,5,2,4,few hours a day,5,17,0,female,city
851,Monday,5,5,5,4,5,3,1,3,5,few hours a day,1,20,2,male,city
852,Tuesday,5,3,5,4,3,5,2,1,4,few hours a day,4,19,2,male,village
853,Wednesday,5,1,5,3,3,5,1,3,5,few hours a day,4,30,4,female,village
854,Thursday,5,1,4,2,3,3,5,3,4,few hours a day,2,27,0,male,city
855,Friday,5,4,5,4,4,3,4,3,4,few hours a day,3,19,1,male,city
856,Saturday,5,3,5,4,4,5,4,2,3,few hours a day,2,17,1,female,city
857,Sunday,5,5,5,2,1,5,2,2,4,most of the day,4,20,1,male,village
858,Monday,3,1,5,5,2,1,1,5,3,few hours a day,4,20,2,male,village
859,Tuesday,5,4,5,3,2,5,2,3,3,few hours a day,2,20,1,male,city
860,Wednesday,5,5,5,3,1,4,3,1,3,few hours a day,2,20,2,male,city
861,Thursday,5,2,5,4,2,5,5,2,2,few hours a day,1,18,1,female,city
862,Friday,5,4,5,3,4,5,1,2,4,few hours a day,2,21,2,male,city
863,Saturday,5,5,5,3,1,5,2,3,3,few hours a day,3,21,1,male,village
864,Sunday,5,3,5,4,3,3,4,4,3,few hours a day,2,20,1,male,village
865,Monday,4,2,5,2,3,3,4,2,2,less than an hour a day,4,17,2,female,city
866,Tuesday,4,1,3,5,2,3,1,3,2,most of the day,1,23,1,male,city
867,Wednesday,5,1,5,4,3,5,5,2,4,few hours a day,4,25,1,female,city
868,Thursday,5,2,4,2,2,4,1,2,4,few hours a day,4,18,0,male,village
869,Friday,5,1,5,5,1,5,3,4,2,few hours a day,5,18,1,female,city
870,Saturday,5,4,5,2,3,2,4,1,3,few hours a day,4,25,1,female,city
871,Sunday,5,3,5,5,5,5,5,5,5,most of the day,1,21,1,male,village
872,Monday,5,4,5,2,1,2,2,3,3,few hours a day,3,20,1,male,village
873,Tuesday,4,4,5,3,2,2,2,2,3,few hours a day,3,21,0,male,city
874,Wednesday,5,3,5,3,1,4,2,2,4,few hours a day,4,18,1,female,city
875,Thursday,5,4,5,1,1,5,1,3,3,few hours a day,1,20,2,female,village
876,Friday,5,3,5,2,5,4,2,4,3,few hours a day,5,19,1,male,city
877,Saturday,5,1,5,4,3,2,1,3,5,few hours a day,4,22,2,male,city
878,Sunday,4,4,5,2,4,4,2,2,4,less than an hour a day,4,26,3,male,city
879,Monday,4,5,5,2,4,5,1,2,3,less than an hour a day,2,23,0,male,city
880,Tuesday,5,4,5,3,1,4,2,2,4,few hours a day,4,18,1,female,city
881,Wednesday,5,1,5,5,1,5,4,3,2,few hours a day,4,18,1,female,city
882,Thursday,5,4,5,3,1,1,1,3,4,few hours a day,2,16,1,female,city
883,Friday,5,3,5,4,1,1,1,4,4,few hours a day,4,19,2,female,village
884,Saturday,5,4,5,3,4,5,5,4,3,few hours a day,1,19,1,female,city
885,Sunday,3,3,4,3,2,5,1,2,4,few hours a day,2,23,0,female,city
886,Monday,5,2,5,1,4,1,1,2,2,few hours a day,2,21,1,male,city
887,Tuesday,4,3,2,2,3,3,3,3,3,less than an hour a day,4,19,1,male,city
888,Wednesday,5,2,5,4,1,5,3,2,4,less than an hour a day,2,20,1,female,city
889,Thursday,5,2,5,5,1,1,4,4,2,few hours a day,1,22,1,female,city
890,Friday,5,4,5,1,4,3,2,3,3,few hours a day,3,20,1,male,city
891,Saturday,5,3,5,4,2,4,3,3,3,few hours a day,3,21,2,male,village
892,Sunday,5,1,5,3,4,2,3,2,3,few hours a day,3,19,1,male,city
893,Monday,5,3,2,2,3,2,2,3,3,less than an hour a day,4,17,0,female,village
894,Tuesday,5,1,5,2,1,4,3,2,4,few hours a day,4,19,2,female,city
895,Wednesday,4,3,4,2,1,4,3,3,3,few hours a day,3,16,1,male,village
896,Thursday,5,1,5,4,1,3,2,2,3,few hours a day,4,22,1,male,village
897,Friday,5,2,4,2,4,3,2,2,3,few hours a day,2,23,2,male,city
898,Saturday,5,1,5,4,1,3,2,2,3,less than an hour a day,3,28,2,female,village
899,Sunday,5,1,3,4,3,5,1,3,3,few hours a day,2,20,2,male,city
900,Monday,5,1,4,2,2,3,2,3,4,few hours a day,3,21,1,male,city
901,Tuesday,4,1,5,4,1,5,5,2,4,less than an hour a day,4,22,1,female,city
902,Wednesday,5,2,5,4,3,3,4,2,3,few hours a day,2,,,male,city
903,Thursday,5,1,3,5,5,3,1,2,4,few hours a day,4,19,1,male,city
904,Friday,3,1,5,3,2,1,1,2,4,few hours a day,3,24,1,female,city
905,Saturday,5,3,5,5,1,2,1,1,3,few hours a day,4,23,1,male,city
906,Sunday,5,5,5,5,1,1,3,3,4,less than an hour a day,2,21,2,female,city
907,Monday,5,1,4,2,2,2,3,3,1,most of the day,1,22,1,female,city
908,Tuesday,5,3,5,2,2,2,3,4,4,few hours a day,3,18,1,male,city
909,Wednesday,5,2,3,3,2,3,2,5,5,less than an hour a day,4,28,2,female,city
910,Thursday,5,1,5,5,4,1,1,2,4,few hours a day,4,18,0,female,city
911,Friday,5,1,4,5,5,5,1,4,4,few hours a day,4,23,1,female,village
912,Saturday,5,3,4,4,3,4,,3,4,less than an hour a day,4,22,1,female,village
913,Sunday,5,3,5,4,3,2,5,4,3,few hours a day,4,21,1,female,city
914,Monday,5,2,5,5,3,3,1,5,2,few hours a day,1,20,1,female,city
915,Tuesday,4,4,5,1,2,5,4,3,4,few hours a day,5,18,1,female,city
916,Wednesday,4,1,5,4,1,4,1,4,3,few hours a day,1,21,1,male,city
917,Thursday,5,3,5,3,3,3,1,2,2,few hours a day,2,20,1,male,village
918,Friday,4,1,5,5,2,4,1,4,3,most of the day,4,21,1,female,village
919,Saturday,5,1,5,5,2,1,2,3,4,few hours a day,2,21,1,female,city
920,Sunday,4,1,3,3,1,1,3,1,3,few hours a day,3,20,2,female,city
921,Monday,5,3,4,2,3,4,2,2,1,few hours a day,4,17,0,male,city
922,Tuesday,5,4,5,2,3,5,5,3,3,few hours a day,3,20,1,female,city
923,Wednesday,5,3,5,3,1,3,4,4,4,few hours a day,2,23,3,female,city
924,Thursday,5,1,5,3,1,5,1,1,4,few hours a day,4,19,0,female,city
925,Friday,5,2,5,3,1,5,4,2,5,few hours a day,5,20,0,female,city
926,Saturday,5,1,5,2,3,1,1,2,3,few hours a day,4,22,1,male,city
927,Sunday,5,3,5,1,1,5,1,3,4,few hours a day,4,19,1,female,city
928,Monday,5,3,5,3,1,5,5,3,2,few hours a day,4,19,0,female,city
929,Tuesday,3,3,3,4,3,3,2,1,3,few hours a day,3,27,1,female,city
930,Wednesday,5,3,5,3,1,1,5,5,3,few hours a day,3,18,5,female,city
931,Thursday,5,2,5,1,2,3,1,4,4,most of the day,4,18,2,male,city
932,Friday,5,4,5,1,3,2,5,2,4,few hours a day,5,20,1,female,city
933,Saturday,5,1,5,4,2,5,5,4,3,few hours a day,3,17,3,female,city
934,Sunday,5,4,5,2,2,4,4,2,3,few hours a day,2,19,0,,city
935,Monday,5,1,5,3,1,5,5,3,3,few hours a day,3,16,1,female,city
936,Tuesday,4,3,4,2,2,2,5,4,3,few hours a day,2,21,0,female,city
937,Wednesday,5,2,5,3,5,5,3,5,2,few hours a day,5,18,4,female,village
938,Thursday,5,5,5,4,5,5,3,5,5,few hours a day,1,19,0,female,city
939,Friday,4,4,5,2,3,4,5,2,4,few hours a day,3,20,0,female,city
940,Saturday,5,5,,4,3,4,3,2,4,few hours a day,2,16,4,male,city
941,Sunday,5,1,5,2,2,2,2,5,1,few hours a day,1,18,3,female,village
942,Monday,5,5,5,4,1,5,1,5,3,most of the day,4,24,0,male,village
943,Tuesday,4,2,5,3,4,5,2,2,3,less than an hour a day,2,22,2,female,city
944,Wednesday,5,2,5,4,2,5,5,2,4,few hours a day,3,19,1,female,village
945,Thursday,5,1,3,4,5,5,1,1,3,few hours a day,1,22,1,male,city
946,Friday,5,2,5,3,1,1,4,4,3,few hours a day,1,22,0,male,city
947,Saturday,5,1,4,2,1,3,3,4,3,few hours a day,3,16,1,female,village
948,Sunday,5,2,5,4,5,5,4,2,4,few hours a day,4,18,1,female,village
949,Monday,5,2,5,1,2,5,1,3,3,most of the day,3,18,3,female,city
950,Tuesday,5,3,5,4,1,5,5,5,3,most of the day,5,15,0,male,village
951,Wednesday,4,5,5,1,3,1,3,4,1,most of the day,1,26,3,male,city
952,Thursday,5,4,4,3,5,2,2,2,4,few hours a day,5,19,1,male,city
953,Friday,5,1,5,4,3,4,5,3,3,few hours a day,4,20,1,female,city
954,Saturday,5,4,4,2,4,4,3,2,4,few hours a day,3,20,0,female,city
955,Sunday,5,1,4,5,5,5,2,2,3,few hours a day,3,19,1,female,city
956,Monday,5,1,5,3,2,4,1,4,3,most of the day,3,20,2,male,city
957,Tuesday,5,2,4,3,1,1,3,3,4,few hours a day,3,20,5,male,city
958,Wednesday,5,4,4,3,1,5,5,3,4,few hours a day,2,22,2,female,city
959,Thursday,4,1,4,4,3,4,5,4,4,few hours a day,2,24,1,female,city
960,Friday,5,1,5,5,3,1,3,1,3,few hours a day,3,,,female,city
961,Saturday,5,4,5,5,5,5,1,3,3,few hours a day,5,20,3,male,village
962,Sunday,5,1,3,5,3,1,1,4,4,less than an hour a day,5,21,1,female,village
963,Monday,4,4,5,5,1,3,1,1,1,most of the day,4,23,0,male,city
964,Tuesday,5,2,3,3,2,4,3,3,3,few hours a day,4,21,3,male,city
965,Wednesday,5,4,5,5,1,1,5,5,3,few hours a day,3,17,2,female,city
966,Thursday,5,1,5,5,1,5,1,1,1,less than an hour a day,1,19,1,female,city
967,Friday,5,2,5,5,5,4,1,2,4,few hours a day,4,18,1,male,city
968,Saturday,5,3,5,2,5,4,1,2,3,few hours a day,3,19,2,male,city
969,Sunday,5,1,5,3,3,1,2,1,2,few hours a day,2,19,2,male,village
970,Monday,5,1,5,2,4,3,2,5,3,few hours a day,1,22,1,male,city
971,Tuesday,5,3,4,3,3,3,3,2,4,few hours a day,4,18,1,male,city
972,Wednesday,5,2,5,3,3,5,5,2,4,less than an hour a day,3,19,0,female,city
973,Thursday,5,1,4,2,1,4,2,2,3,most of the day,4,20,2,female,city
974,Friday,5,2,5,3,5,3,3,1,1,few hours a day,3,21,0,female,city
975,Saturday,5,5,5,5,1,5,5,1,2,most of the day,3,23,1,female,village
976,Sunday,5,2,5,2,4,2,4,2,4,few hours a day,4,19,1,female,city
977,Monday,5,4,5,2,3,3,2,2,2,few hours a day,2,19,1,male,village
978,Tuesday,5,1,5,5,2,4,4,4,4,few hours a day,2,21,2,female,city
979,Wednesday,5,2,5,5,3,4,4,2,3,few hours a day,3,19,0,male,city
980,Thursday,5,1,5,5,1,3,5,2,4,less than an hour a day,1,18,2,female,city
981,Friday,5,1,5,5,1,1,5,4,2,most of the day,5,19,1,female,village
982,Saturday,5,1,4,1,3,4,1,3,4,few hours a day,2,18,2,male,city
983,Sunday,5,2,5,2,1,4,5,2,3,few hours a day,2,22,2,female,village
984,Monday,5,1,4,1,1,4,5,3,1,most of the day,4,21,1,female,city
985,Tuesday,5,1,5,4,1,2,4,3,1,few hours a day,5,20,1,female,city
986,Wednesday,4,4,4,5,5,1,1,3,3,few hours a day,1,19,3,female,city
987,Thursday,4,1,4,5,2,2,2,4,2,few hours a day,3,20,1,male,city
988,Friday,5,,5,5,4,1,1,5,3,few hours a day,1,19,0,male,city
989,Saturday,5,5,3,5,1,1,1,5,3,most of the day,3,30,2,female,village
990,Sunday,5,1,5,3,1,1,1,2,2,few hours a day,1,29,1,male,city
991,Monday,5,2,5,4,1,5,3,2,1,most of the day,3,21,0,male,city
992,Tuesday,4,5,4,5,5,1,5,3,3,most of the day,1,30,1,male,city
993,Wednesday,5,2,5,1,1,2,3,4,3,few hours a day,4,21,0,female,city
994,Thursday,5,1,5,5,1,5,4,3,4,few hours a day,3,20,0,female,city
995,Friday,5,5,5,3,4,5,1,4,4,few hours a day,4,18,0,female,city
996,Saturday,5,1,3,4,1,2,2,2,4,few hours a day,3,20,0,male,
997,Sunday,5,1,4,1,2,5,4,2,,less than an hour a day,3,19,1,female,
998,Monday,5,5,5,3,5,1,1,2,3,few hours a day,4,28,1,male,city
999,Tuesday,5,5,4,4,5,1,2,3,3,few hours a day,3,19,1,male,city
1000,Wednesday,5,3,5,3,1,5,1,3,2,few hours a day,1,16,1,female,city
1001,Thursday,5,3,3,3,1,4,1,2,2,few hours a day,2,18,2,female,city
1002,Friday,5,3,3,2,1,2,1,3,2,few hours a day,4,22,1,male,city
1003,Saturday,4,4,5,3,1,5,4,3,4,few hours a day,3,20,1,female,city
1004,Sunday,5,5,5,3,2,4,3,3,2,few hours a day,4,22,1,male,city
1005,Monday,5,3,5,4,1,4,2,4,4,few hours a day,3,20,1,female,city
1006,Tuesday,4,4,5,4,5,5,1,1,4,less than an hour a day,3,27,5,male,village
1007,Wednesday,4,1,4,2,3,5,2,4,4,most of the day,1,18,0,female,city
1008,Thursday,5,2,5,3,1,4,3,3,3,most of the day,3,25,1,female,city
1009,Friday,5,3,5,2,2,5,1,3,3,few hours a day,5,21,1,male,village
